{
    "name": "Vergil",
    "STR": 5,
    "ATH": 2,
    "ARC": 6,
    "CON": 5,
    "AR_BONUS": 0,
    "HP": 25,
    "Speed": 30,
    "SpellLevel": 1,
    "PrimaryWeapon": "Fists",
    "SecondaryWeapon": null,
    "Armor": "Rags",
    "SpellSlots": [
        false,
        false,
        false,
        false,
        false
    ],
    "theme": "Dark",
    "Condition": "Healthy",
    "Conditions": {
        "Concentrated": false,
        "Burned": false,
        "Poisoned": false,
        "Stunned": false,
        "Binded": false,
        "Dazed": false,
        "Exhausted": false,
        "Slow": false,
        "Ward": false,
        "Centered": false,
        "Hasty": false,
        "Bliss": false
    },
    "Inventory": {
        "Fists": 1,
        "Rags": 1
    }
}